ArticleTitle,Question,Answer,DifficultyFromQuestioner,DifficultyFromAnswerer,ArticleFile
Abraham_Lincoln,Was Abraham Lincoln the sixteenth President of the United States?,yes,easy,easy,S08_set3_a4
Abraham_Lincoln,Did Lincoln sign the National Banking Act of 1863?,yes,easy,medium,S08_set3_a4
Abraham_Lincoln,Did his mother die of pneumonia?,no,easy,medium,S08_set3_a4
Abraham_Lincoln,How many long was Lincoln's formal education?,18 months,medium,easy,S08_set3_a4
Abraham_Lincoln,When did Lincoln begin his political career?,1832,medium,easy,S08_set3_a4
Abraham_Lincoln,What did The Legal Tender Act of 1862 establish?,"the United States Note, the first paper currency in United States history",medium,easy,S08_set3_a4
Abraham_Lincoln,Who suggested Lincoln grow a beard?,11-year-old Grace Bedell,hard,medium,S08_set3_a4
Abraham_Lincoln,When did the Gettysburg address argue that America was born?,1776,hard,hard,S08_set3_a4
Abraham_Lincoln,Did Lincoln beat John C. Breckinridge in the 1860 election?,yes,hard,medium,S08_set3_a4
Abraham_Lincoln,Was Abraham Lincoln the first President of the United States?,No,easy,easy,S08_set3_a4
Abraham_Lincoln,Did Lincoln start his political career in 1832?,Yes,easy,easy,S08_set3_a4
Abraham_Lincoln,Did Lincoln ever represent Alton & Sangamon Railroad?,Yes,easy,easy,S08_set3_a4
Abraham_Lincoln,Which county was Lincoln born in?,Hardin County,medium,medium,S08_set3_a4
Abraham_Lincoln,When did Lincoln first serve as President?,"March 4, 1861",medium,hard,S08_set3_a4
Abraham_Lincoln,Who assassinated Lincoln?,John Wilkes Booth,medium,hard,S08_set3_a4
Abraham_Lincoln,Did Lincoln win the election of 1860?,Yes,hard,hard,S08_set3_a4
Abraham_Lincoln,Who was the general in charge at the Battle of Antietam?,General McClellan,hard,medium,S08_set3_a4
Abraham_Lincoln,Why did Lincoln issue the Emancipation Proclamation?,To free slaves ,hard,hard,S08_set3_a4
Abraham_Lincoln,Do scholars rank lincoln among the top three presidents?,Yes,easy,easy,S08_set3_a4
Abraham_Lincoln,Did lincoln have 18 months of schooling?,Yes,easy,easy,S08_set3_a4
Abraham_Lincoln,Was Lincoln chosen as a presidential candidate in 1860?,Yes,easy,easy,S08_set3_a4
Abraham_Lincoln,How old was Lincoln in 1816?,seven,medium,medium,S08_set3_a4
Abraham_Lincoln,When was the first photgraph of lincoln taken?,1846,medium,medium,S08_set3_a4
Abraham_Lincoln,How long was Lincoln's legal Career?,23 years,medium,medium,S08_set3_a4
Abraham_Lincoln,What trail did Lincoln use a Farmers' Almanac in? ,"he defended William ""Duff"" Armstrong",hard,hard,S08_set3_a4
Abraham_Lincoln,Did Abraham Lincoln live in the Frontier?,Yes,hard,medium,S08_set3_a4
Abraham_Lincoln,Did Lincoln's Wife's Family support slavery?,Yes,hard,medium,S08_set3_a4
beetle,Are beetles insects?,Yes,easy,easy,S08_set1_a8
beetle,Can beetles be found in polar regions?,No,easy,hard,S08_set1_a8
beetle,Do beetles antennae function primarily as organs of smell?,Yes,easy,easy,S08_set1_a8
beetle,What are the three sections of a beetle?,"the head, the thorax, and the abdomen",medium,medium,S08_set1_a8
beetle,Which defense mechanism uses colour or shape to deceive potential enemies?,mimicry,medium,easy,S08_set1_a8
beetle,Which type of beetle is a pest of potato plants?,Colorado potato beetle,medium,easy,S08_set1_a8
beetle,How can beetle larvae be differentiated from other insect larvae?,"their hardened, often darkened head, the presence of chewing mouthparts, and spiracles along the sides of the body",hard,medium,S08_set1_a8
beetle,What do beetles eat?,"Some are generalists, eating both plants and animals. Other beetles are highly specialised in their diet.",hard,hard,S08_set1_a8
beetle,What are the similarities between beetles and grasshoppers?,mouthparts,hard,medium,S08_set1_a8
beetle,Are certain species of beetles considered pests?,Yes,easy,easy,S08_set1_a8
beetle,Is a beetle's general anatomy uniform?,Yes,easy,medium,S08_set1_a8
beetle,Are beetles endopterygotes?,yes,easy,easy,S08_set1_a8
beetle,How many species of beetles are there?,"350,000",medium,medium,S08_set1_a8
beetle,When are sperm cells transferred to the female?,during pairing,medium,hard,S08_set1_a8
beetle,What is the study of beetles called?,coleopterology,medium,medium,S08_set1_a8
beetle,"Is it possible that there are more than 350,000 species of beetles?",yes,hard,hard,S08_set1_a8
beetle,Is the Adephaga suborder larger than the Polyphaga suborder?,no,hard,hard,S08_set1_a8
beetle,Do carrion beetles eat dung?,no,hard,medium,S08_set1_a8
Calvin_Coolidge,Was Calvin Coolidge the twenty-ninth vice president?,no,easy,easy,S08_set3_a9
Calvin_Coolidge,"Was Calvin Coolidge born in Plymouth, Windsor County, Vermont?",yes,easy,easy,S08_set3_a9
Calvin_Coolidge,Did Coolidge graduate from Black River Academy?,yes,easy,easy,S08_set3_a9
Calvin_Coolidge,When did he drop John from his name?,upon graduating from college,medium,medium,S08_set3_a9
Calvin_Coolidge,When did Coolidge meet and marry Grace Anna Goodhue?,1905,medium,medium,S08_set3_a9
Calvin_Coolidge,What period of rapid economic growth did the United States experience during Coolidge's presidency?,the Roaring Twenties,medium,medium,S08_set3_a9
Calvin_Coolidge,What did Coolidge do after graduating from Amherst?,"Coolidge moved to Northampton, MassachuS08_setts",hard,medium,S08_set3_a9
Calvin_Coolidge,Of what state was Coolidge governor?,MassachuS08_setts,hard,medium,S08_set3_a9
Calvin_Coolidge,Who appointed Harlan Fiske Stone to the Supreme Court?,Coolidge,hard,medium,S08_set3_a9
Calvin_Coolidge,Was Coolidge the thirteenth President of the United States?,No,easy,easy,S08_set3_a9
Calvin_Coolidge,Was Calvin Coolidge Republican?,Yes,easy,easy,S08_set3_a9
Calvin_Coolidge,Was Calvin Coolidge a governor of MassachuS08_setts?,Yes,easy,medium,S08_set3_a9
Calvin_Coolidge,When was Coolidge born?,July 4 1872,medium,medium,S08_set3_a9
Calvin_Coolidge,Where did Coolidge's grandfather had government offices?,Plymouth,medium,medium,S08_set3_a9
Calvin_Coolidge,Which state were Coolidge born in?,"Plymouth, Windsor County, Vermont",medium,medium,S08_set3_a9
Calvin_Coolidge,Is Calvin Jr. older than John Coolidge?,No,hard,hard,S08_set3_a9
Calvin_Coolidge,Did Coolidge get in Amherst College?,Yes,hard,medium,S08_set3_a9
Calvin_Coolidge,What caused Calvin Jr.'s death?,heart attack,hard,hard,S08_set3_a9
Calvin_Coolidge,Was John Calvin Coolidge Jr. was born in Las Vegas?,No,easy,easy,S08_set3_a9
Calvin_Coolidge,Was Coolidge opposed in the Republican nomination for Governor of MassachuS08_setts in 1918?,Yes,easy,medium,S08_set3_a9
Calvin_Coolidge,Did Coolidge meet and marry Grace Anna Goodhue?,Yes,easy,easy,S08_set3_a9
Calvin_Coolidge,What year did Coolidge open his own law office?,1898,medium,medium,S08_set3_a9
Calvin_Coolidge,What fraternity was Coolidge a member of?,Phi Gamma Delta,medium,medium,S08_set3_a9
Calvin_Coolidge,In 1905 Coolidge met and married whom?,Grace Anna Goodhue,medium,medium,S08_set3_a9
Calvin_Coolidge,Why did Coolidge not attend law school?,It was too expensive,hard,hard,S08_set3_a9
Calvin_Coolidge,Have there been other US presidents that have visited Cuba?,No,hard,medium,S08_set3_a9
Calvin_Coolidge,What years were Coolidge's two sons born in?,1906 and 1908,hard,medium,S08_set3_a9
Canada,Did France cede nearly all of its colonies in Europe in 1763?,Yes.,easy,easy,S08_set2_a8
Canada,Is Canada a member of the OECD?,Yes.,easy,easy,S08_set2_a8
Canada,Is Canada's official language Zulu?,No.,easy,easy,S08_set2_a8
Canada,What is one significant non-official language?,Chinese.,medium,medium,S08_set2_a8
Canada,"In addition to Port Royal, where else did Samuel de Champlain establish a S08_settlement?",Quebec City,medium,medium,S08_set2_a8
Canada,What was the Consitution Act formerly called?,The British North America Act.,medium,hard,S08_set2_a8
Canada,Which countries established colonies in Canada?,France and Britain.,hard,hard,S08_set2_a8
Canada,How has Canada helped UN peacekeeping efforts?,"During the Suez Crisis of 1956, Lester B. Pearson eased tensions by proposing the inception of the United Nations Peacekeeping Force. Canada has since served in 50 peacekeeping missions, including every UN peacekeeping effort until 1989",hard,medium,S08_set2_a8
Canada,What percentage of the population don't speak English or French at home?,28%,hard,too hard,S08_set2_a8
Canada,Is Canada bilingual?,Yes.,easy,easy,S08_set2_a8
Canada,Did Canadian soldiers win the Battle of Vimy Ridge in 1917?,Yes,easy,easy,S08_set2_a8
Canada,Is an official language of Canada German?,No.,easy,easy,S08_set2_a8
Canada,How many provinces and territories does Canada have?,A federation now comprising ten provinces and three territories,medium,medium,S08_set2_a8
Canada,What is Canada's national unemployment rate?,"While as of October 2007, Canada's national unemployment rate of 5.9% is its lowest in 33 years. Provincial unemployment rates vary from a low of 3.6% in Alberta to a high of 14.6% in Newfoundland and Labrador. ",medium,medium,S08_set2_a8
Canada,Where is the most densely populated part of Canada?,The most densely populated part of the country is the Quebec City-Windsor Corridor along the Great Lakes and Saint Lawrence River in the southeast.,medium,medium,S08_set2_a8
Canada,What is the largest country in the world?,"Canada is the second largest country in the world, after Russia, and largest on the continent.",hard,medium,S08_set2_a8
Canada,What is the largest religious group in Canada?,"According to 2001 census, 77.1% of Canadians identified as being Christians; of this, Catholics make up the largest group (43.6% of Canadians). The largest Protestant denomination is the United Church of Canada; about 16.5% of Canadians declare no religious affiliation, and the remaining 6.3% were affiliated with religions other than Christianity, of which the largest is Islam numbering 1.9%, followed by Judaism: 1.1%. ",hard,hard,S08_set2_a8
Canada,When did Canada have one of the largest armed forces in the world?,1944,hard,hard,S08_set2_a8
duck,Are ducks in the Arctic Northern Hemisphere migratory?,Some are,easy,medium,S08_set1_a10
duck,Is a drake a male?,Yes,easy,medium,S08_set1_a10
duck,"Do all ducks ""quack""?",No,easy,medium,S08_set1_a10
duck,What is the name of a specialized species of duck adapted to catch large fish?,the smew,medium,medium,S08_set1_a10
duck,What animal attracts the most humor and silliness?,The duck,medium,medium,S08_set1_a10
duck,What is an economic use of a duck?,Meat,medium,medium,S08_set1_a10
duck,Who is Daffy Duck?,A silly cartoon character,hard,hard,S08_set1_a10
duck,What makes it more difficult for a diving duck to fly?,They are heavier,hard,hard,S08_set1_a10
duck,What are the reasons for hunting wild ducks?,"Meat, eggs, and feathers",hard,too hard,S08_set1_a10
duck,Do ducks forage underwater?,yes,easy,easy,S08_set1_a10
duck,Is foie gras often made from ducks?,yes,easy,easy,S08_set1_a10
duck,What economic uses to ducks have?,"They are farmed for their meat, eggs and feathers. They are also kept and bred by aviculturists and often displayed in zoos.",medium,medium,S08_set1_a10
duck,What kind of ducks feed on land?,Dabbling ducks,medium,easy,S08_set1_a10
duck,What unrelated water birds are ducks sometimes confused with?,"loons or divers, grebes, gallinules, and coots",medium,easy,S08_set1_a10
duck,What does the word duck mean?,It is the common name for a number of species in the Anatidae family of birds.,hard,hard,S08_set1_a10
duck,What are some common predators of ducks?,"Pike, crocodilians, herons, hawks and eagles.",hard,hard,S08_set1_a10
duck,How does a Mallard's tongue work?,"It's tongue is a flat plate, and on the tongue's back end is a short liftable flap with about 18 short spikes for pushing struggling prey and other food down its throat",hard,hard,S08_set1_a10
duck,Are diving ducks heavier tha dabbling ducks?,Yes,easy,easy,S08_set1_a10
duck,Are adult ducks fast fliers?,Yes,easy,easy,S08_set1_a10
duck,Are ducks an accepted presence in some populated areas?,Yes,easy,easy,S08_set1_a10
duck,What types of unrelated water birds with similar forms are ducks sometimes confused with?,"loons or divers, grebes, gallinules, and coots",medium,medium,S08_set1_a10
duck,Why are ducklings particularly vulnerable?,Their inability to fly.,medium,medium,S08_set1_a10
duck,What are some economic uses for duck?,"Meat,eggs,feathers",medium,medium,S08_set1_a10
duck,What allows a duck to filter water out of the side of their beaks and keep food inside?,Tiny rows of plates called lamellae,hard,hard,S08_set1_a10
duck,What expression is part of a conceptual framework for testing computer systems?,Quacks like a duck,hard,hard,S08_set1_a10
duck,"Where did the expression ""a sitting duck"" come from?","In many areas, wild duckof various species (including ducks farmed and released into the wild) are hunted for food or sport, by shooting, or formerly by decoys.",hard,hard,S08_set1_a10
Egypt,Is Egypt bordered by the Gaza Strip?,yes,easy,easy,S08_set2_a6
Egypt,Is Egypt the most populated country in Africa?,no,easy,medium,S08_set2_a6
Egypt,Does Egypt have political influence in the Middle East?,yes,easy,easy,S08_set2_a6
Egypt,When was the Six Day War?,1967,medium,easy,S08_set2_a6
Egypt,What religions has Egypt outlawed?,"All but Christianity, Islam, and Judaism",medium,hard,S08_set2_a6
Egypt,What is the poulation of Egypt?,more than 78 million,medium,easy,S08_set2_a6
Egypt,Why does most of Egypt's population live near the Nile?,"the only arable agricultural land is found there,",hard,medium,S08_set2_a6
Egypt,Are there a large number of Jews living in Egypt today?,no,hard,medium,S08_set2_a6
Egypt,During what period was Akhenaten a Pharaoh?,The New Kingdom (c.1550&#8722;1070 BC) ,hard,hard,S08_set2_a6
Egypt,Is Egypt in Asia?,No.,easy,easy,S08_set2_a6
Egypt,Does Egypt receive the least rainfall in the world?,Yes.,easy,easy,S08_set2_a6
Egypt,Does Egypt's foreign policy operates along moderate lines?,Yes.,easy,easy,S08_set2_a6
Egypt,Since when has Egypt been a republic?,June 18 1953.,medium,medium,S08_set2_a6
Egypt,When were the Great Sphinx and the Pyramids of Giza built?,During the Old Kingdom.,medium,medium,S08_set2_a6
Egypt,What countries border Egypt?,"Libya, Sudan, the Gaza Strip and Israel.",medium,hard,S08_set2_a6
Egypt,What is the estimated population of Egypt?,More than 78 million.,hard,hard,S08_set2_a6
Egypt,Does snow fall in Egypt?,Yes.,hard,hard,S08_set2_a6
Egypt,When did organized agriculture appear in the Nile Valley?,6000 BC.,hard,medium,S08_set2_a6
elephant,Are elephants the largest land animals alive today?,yes,easy,easy,S08_set1_a5
elephant,Can an elephant kill a rhinoceros?,yes,easy,hard,S08_set1_a5
elephant,Are elephants good swimmers?,yes,easy,easy,S08_set1_a5
elephant,How many living species of African Elephants are there?,2,medium,hard,S08_set1_a5
elephant,How long may elephants live?,70 years,medium,medium,S08_set1_a5
elephant,Why does the phrase 'elephants never forget' have no metaphorical meaning?,it refers literally to elephants supposedly having an excellent memory,medium,hard,S08_set1_a5
elephant,How many living species of Asian Elephants are there?,1,hard,hard,S08_set1_a5
elephant,How much do elephants weight at birth?,120 kilograms,hard,medium,S08_set1_a5
elephant,What did Aristotle say about elephants?,the beast which pasS08_seth all others in wit and mind,hard,hard,S08_set1_a5
elephant,Are elephant populations in West Africa generally small and fragmented?,yes,easy,easy,S08_set1_a5
elephant,Is the Asian elephant larger than the African?,no,easy,easy,S08_set1_a5
elephant,Is an elephant's skin tough?,yes,easy,easy,S08_set1_a5
elephant,How do elephants communicate over long distances?,by producing and receiving low frequency sound,medium,medium,S08_set1_a5
elephant,When do African elephants lie down?,when they are sick or wounded,medium,medium,S08_set1_a5
elephant,How long is the elephant's gestation period?,22 months,medium,medium,S08_set1_a5
elephant,How many species of African elephants have been proposed?,three,hard,hard,S08_set1_a5
elephant,What are the elephant's ears important for?,temperature regulation,hard,medium,S08_set1_a5
elephant,What land animal has the largest brain?,elephant,hard,medium,S08_set1_a5
elephant,Are elephants mammals?,yes,easy,easy,S08_set1_a5
elephant,Have elephants been used as working animals?,yes,easy,easy,S08_set1_a5
elephant,Do they prefer forested areas?,Yes,easy,easy,S08_set1_a5
elephant,What is the world population of Asian elephants?,60000,medium,medium,S08_set1_a5
elephant,What part of an elephant is very important for temperature regulation?,Ears,medium,medium,S08_set1_a5
elephant,Where was the largest elephant ever recorded shot?,Angola,medium,medium,S08_set1_a5
elephant,Is an Asian elephant smaller than an African elephant?,yes,hard,hard,S08_set1_a5
elephant,What land animal is larger than an elephant?,None,hard,hard,S08_set1_a5
elephant,Has tusklessness become a rare abnormality?,No,hard,hard,S08_set1_a5
Finland,Were the treaties signed in 1947 and 1948 with the Ukraine?,no,easy,easy,S08_set2_a4
Finland,Is Finnish a member of the Baltic-Finnic subgroup of the Uralic languages?,yes,easy,easy,S08_set2_a4
Finland,Is the most read newspaper in Finland Taloussanomat?,no,easy,easy,S08_set2_a4
Finland,Which Russian army general conquered Finland in 1809?,Alexander I,medium,hard,S08_set2_a4
Finland,What is the life expectancy for men in Finland?,75 years,medium,medium,S08_set2_a4
Finland,"In what year were the ""Games of the XV Olympiad"" held?",1952,medium,medium,S08_set2_a4
Finland,What body of water lies to the south of Finland?,the Gulf of Finland,hard,hard,S08_set2_a4
Finland,Name an animal that is growing in number due to recent conservation efforts,"Golden Eagle, Brown Bear, or Eurasian Lynx (Change imperative to interrogative)",hard,hard,S08_set2_a4
Finland,"Today, are there more cell phone subscriptions than people in Finland?",yes,hard,too hard,S08_set2_a4
Finland,Is Matti Vanhanen the Prime Minister of Finland?,yes,easy,easy,S08_set2_a4
Finland,Is the capital city Oslo?,no,easy,easy,S08_set2_a4
Finland,Does it have a border with Norway?,yes,easy,medium,S08_set2_a4
Finland,What is the life expectancy for men?,75 years,medium,medium,S08_set2_a4
Finland,What is the biggest city in Finland?,Greater Helsinki,medium,hard,S08_set2_a4
Finland,Who is the most popular rock group in Finland?,CMX,medium,medium,S08_set2_a4
Finland,What is Finland's economy like?,"a highly industrialised, free-market economy",hard,medium,S08_set2_a4
Finland,Where is Finland located?,Northern Europe,hard,medium,S08_set2_a4
Finland,What is the weather like in summer?,relatively warm,hard,medium,S08_set2_a4
Finland,Does salmon remain the favorite of fly rod enthusiasts?,Yes,easy,easy,S08_set2_a4
Finland,Are there cathedrals scattered all across Finland?,Yes,easy,easy,S08_set2_a4
Finland,"According to Reader's Digest, is Finland best for living?",Yes,easy,easy,S08_set2_a4
Finland,When did the first verifiable written documents appear?,Twelfth Century,medium,medium,S08_set2_a4
Finland,What is the capital city?,Helsinki,medium,medium,S08_set2_a4
Finland,What is the most extensively celebrated holiday?,Christmas,medium,medium,S08_set2_a4
Finland,Does a large proportion of the population speak Swedish as its mother tongue?,No,hard,hard,S08_set2_a4
Finland,Do women live longer than men?,Yes,hard,hard,S08_set2_a4
Finland,What is a country with which Finland is involved in an international conflict?,None,hard,hard,S08_set2_a4
Gerald_Ford,Was Ford a member of the House of Representatives?,Yes,easy,easy,S08_set3_a10
Gerald_Ford,For how long was Ford a member of the House of Representatives?,Over eight years.,medium,medium,S08_set3_a10
Gerald_Ford,Was Gerald Ford a member of Delta Kappa Epsilon?,Yes,easy,easy,S08_set3_a10
Gerald_Ford,"Did ford get an award called ""Congressman's congressman""?",Yes,easy,easy,S08_set3_a10
Gerald_Ford,Did ford attend the University of Michigan?,Yes,easy,easy,S08_set3_a10
Gerald_Ford,What positions Ford played in the school football team?,Center and linebacker,medium,medium,S08_set3_a10
Gerald_Ford,What did Ford say about his biological father?,He was abusive and had a history of hitting his mother.,medium,medium,S08_set3_a10
Gerald_Ford,Who did Ford nominate for Vice President?,Bob Dole,medium,hard,S08_set3_a10
Gerald_Ford,Was Ford active about Vietnamese affairs?,Yes,hard,too hard,S08_set3_a10
Gerald_Ford,Had Ford's wife married before?,Yes,hard,hard,S08_set3_a10
Gerald_Ford,Is Ford related with the assassination of John F. Kennedy?,Yes,hard,medium,S08_set3_a10
Gerald_Ford,Was Gerald Ford the 38th President of the United States?,yes,easy,easy,S08_set3_a10
Gerald_Ford,Did Gerald Ford serve as the Republican Minority Leader of the House of Representatives?,yes,easy,easy,S08_set3_a10
Gerald_Ford,Was Ford an Eagle Scout?,yes,easy,easy,S08_set3_a10
Gerald_Ford,What district was Ford elected from?,Michigan's 5th congressional district,medium,medium,S08_set3_a10
Gerald_Ford,How many Eagle Scouts were involved in Ford's funeral procession?,400,medium,medium,S08_set3_a10
Gerald_Ford,Which future Heisman Trophy winner did Ford tackle?,Jay Berwanger,medium,hard,S08_set3_a10
Gerald_Ford,Has another US President been an Eagle Scout?,no,hard,hard,S08_set3_a10
Gerald_Ford,Did Ford need to do extra work to pay for college?,yes,hard,medium,S08_set3_a10
Gerald_Ford,Have more than five Presidents lived past the age of 90?,no,hard,hard,S08_set3_a10
Ghana,Does Ghana have twice the per capita output of the poorer countries in West Africa?,yes,easy,easy,S08_set2_a5
Ghana,Is English Ghana's official language?,yes,easy,easy,S08_set2_a5
Ghana,Did the Dutch build the Elmina Castle?,No,easy,medium,S08_set2_a5
Ghana,When did Ghana achieve independence from the United Kingdom?,1957,medium,medium,S08_set2_a5
Ghana,How many regions is Ghana divided into?,10,medium,easy,S08_set2_a5
Ghana,Who is the head of state of Ghana?,President John Agyekum Kofuor,medium,easy,S08_set2_a5
Ghana,What is the dominant religion in Ghana?,Christian,hard,hard,S08_set2_a5
Ghana,What are the two subfamilies of the Native Ghanaian languages?,Kwa and Gur,hard,hard,S08_set2_a5
Ghana,What is the weather like at Lake Volta?,Warm and comparatively dry,hard,hard,S08_set2_a5
Ghana,Is Ghana in Asia?,no,easy,easy,S08_set2_a5
Ghana,Is English the official language?,yes,easy,easy,S08_set2_a5
Ghana,Is Ghana's head of state John Agyekum Kufuor?,yes,easy,easy,S08_set2_a5
Ghana,What does the word Ghana mean?,warrior king,medium,medium,S08_set2_a5
Ghana,Who was Kwame Nkrumah?,founder and first president,medium,medium,S08_set2_a5
Ghana,Where is old Ghana in relation to present Ghana?,500 miles north,medium,medium,S08_set2_a5
Ghana,Who makes up Ghana's Parliament?,the New Patriotic Party and National Democratic Congress,hard,hard,S08_set2_a5
Ghana,What European countries established states in Ghana?,The UK,hard,too hard,S08_set2_a5
Gray_Wolf,Does the Gray Wolf share an ancestry with the domestic dog?,Yes,easy,too easy,S08_set1_a6
Gray_Wolf,Do wolf pups tend to have darker fur than adults?,Yes,easy,too easy,S08_set1_a6
Gray_Wolf,Do wolves leave their pack?,Yes,easy,medium,S08_set1_a6
Gray_Wolf,What kinds of coats do wolves have?,bulky coats with two layers,medium,medium,S08_set1_a6
Gray_Wolf,Where do wolves have scent glands?,Helping the woldf to effectively navigate over large expanses while concurrently keeping others informed of its whereabouts.,medium,medium,S08_set1_a6
Gray_Wolf,How much do wolves weigh?,typically varies between 32 and 62 kilograms,medium,medium,S08_set1_a6
Gray_Wolf,Why do wolves howl?,"Howling helps pack members keep in touch, allowing them to communicate effectively in thickly forested areas or over great distances. Howling also helps to call pack members to a specific location. Howling can also serve as a declaration of territory, as shown in a dominant wolf&apos;s tendency to respond to a human imitation of a ""rival"" wolf in an area the wolf considers its own. ",hard,hard,S08_set1_a6
Gray_Wolf,What is surplus killing?,Surplus killing is defined as the killing of several prey animals too numerous to eat at one sitting.,hard,medium,S08_set1_a6
Gray_Wolf,Are Gray Wolves native to North America?,Yes,hard,easy,S08_set1_a6
Gray_Wolf,Is the Gray Wolf a mammal?,Yes,easy,easy,S08_set1_a6
Gray_Wolf,Are a wolf's teeth its main weapons?,Yes,easy,easy,S08_set1_a6
Gray_Wolf,Are wolves built for stamina?,Yes,easy,easy,S08_set1_a6
Gray_Wolf,Where is the largest gray wolf population thought to be found?,Kazakhstan,medium,hard,S08_set1_a6
Gray_Wolf,To what genus does the gray wolf belong?,Canis,medium,medium,S08_set1_a6
Gray_Wolf,When do wolves molt?,Late Spring or Early Summer,medium,medium,S08_set1_a6
Gray_Wolf,Why is it beneficial for alpha males and females to forcefully prevent other wolves from mating?,A pack can only suppport one littler per year,hard,hard,S08_set1_a6
Gray_Wolf,What type of tools do biologists use to capture wolves for tagging?,Darting and Foot hold traps.,hard,hard,S08_set1_a6
Gray_Wolf,"Forward, erect ears and slightly bristle hackles are a sign of what in wolves?",Dominance,hard,hard,S08_set1_a6
Grover_Cleveland,Was Grover Cleveland born in New York?,no,easy,easy,S08_set3_a6
Grover_Cleveland,Did Grover Cleveland win the 1884 election?,yes,easy,easy,S08_set3_a6
Grover_Cleveland,Did Grover Cleveland support women's suffrage?,No,easy,medium,S08_set3_a6
Grover_Cleveland,Where was Grover Cleveland married?,In the White House,medium,easy,S08_set3_a6
Grover_Cleveland,What did Cleveland die from?,A heart attack,medium,easy,S08_set3_a6
Grover_Cleveland,How many years after Cleveland left office did the U.S. win the Spanish-American War?,One Year,medium,medium,S08_set3_a6
Grover_Cleveland,What did Cleveland's opponents say in 1884 to counter his innocent image?,That he had fathered an illegitimate child,hard,hard,S08_set3_a6
Grover_Cleveland,Who did Cleveland run against in 1884?,former Senator James G. Blaine of Maine,hard,easy,S08_set3_a6
Grover_Cleveland,Why did Cleveland want to hide his cancer surgery from the public?,To avoid further market panic,hard,medium,S08_set3_a6
Grover_Cleveland,Was Grover Cleveland the twenty-seventh president of the United States?,No.,easy,easy,S08_set3_a6
Grover_Cleveland,Is Grover Cleveland honest?,Yes.,easy,easy,S08_set3_a6
Grover_Cleveland,Was Grover Cleveland married in the whitehouse?,Yes.,easy,easy,S08_set3_a6
Grover_Cleveland,"When was he elected sheriff of Erire County, New York?",Yes.,medium,easy,S08_set3_a6
Grover_Cleveland,When did he die?,June 24 1908,medium,medium,S08_set3_a6
Grover_Cleveland,Which election did Grover Cleveland win?,1884 and 1892 presidential elections,medium,hard,S08_set3_a6
Grover_Cleveland,Who were Grover Cleveland's parents?,"Cleveland was born in Caldwell, New Jersey to the Reverend Richard Cleveland and Anne Neal.",hard,too hard,S08_set3_a6
Grover_Cleveland,How many children did Grover Cleveland have?,5,hard,hard,S08_set3_a6
Indonesia,Are the Javanese the largest and politically dominant ethnic group in Indonesia?,yes,easy,easy,S08_set2_a10
Indonesia,Is Indonesia a monarchy with a presidential system?,no,easy,easy,S08_set2_a10
Indonesia,Did the Japanese invasion and subsequent occupation during WWII end Dutch rule?,yes,easy,easy,S08_set2_a10
Indonesia,In what year did East Timor secede from Indonesia?,1999,medium,medium,S08_set2_a10
Indonesia,When did Islam become the dominant religion in Java and Sumatra?,the end of the 16th century,medium,medium,S08_set2_a10
Indonesia,Does Indonesia have the world's hightest level of biodiversity?,no,medium,easy,S08_set2_a10
Indonesia,Was Indonesia named after it became an independent country?,no,hard,hard,S08_set2_a10
Indonesia,Why did Indonesia break off relations with the People's Republic of China?,because of anti-communist purges early in the Suharto era,hard,too hard,S08_set2_a10
Indonesia,Which spice originally attracted Europeans to Indonesia?,"nutmeg, cloves, or cubeb pepper",hard,hard,S08_set2_a10
James_Monroe,Is James Monrow the fifth president of US?,Yes,easy,easy,S08_set3_a2
James_Monroe,What is the first word on the page?,James,easy,too easy,S08_set3_a2
James_Monroe,What is the first number on the page?,28,easy,too easy,S08_set3_a2
James_Monroe,When did Monroe's presidency expired?,"March 4, 1825",medium,medium,S08_set3_a2
James_Monroe,What is Monroe's father's name?,Spence,medium,medium,S08_set3_a2
James_Monroe,What is Monroe's daughter's name?,Maria Hester Monroe Gouverneur,medium,medium,S08_set3_a2
James_Monroe,"What does ""Era of Good Feelings"" refers to?",Reduced tension,hard,medium,S08_set3_a2
James_Monroe,Did Monroe' wedding happen at the Trinity Church in New York?,Yes,hard,easy,S08_set3_a2
James_Monroe,What is Monroe Doctrine?,A doctrine declaring U.S. opposition to European interference in the Americas.,hard,medium,S08_set3_a2
James_Monroe,Was James Monroe President of the United States?,yes,easy,easy,S08_set3_a2
James_Monroe,Did James Monroe attend the College of William and Mary?,yes,easy,easy,S08_set3_a2
James_Monroe,Did James Monroe fight in the Continental Army?,yes,easy,easy,S08_set3_a2
James_Monroe,Where was James Monroe born?,"Westmoreland County, Virginia",medium,medium,S08_set3_a2
James_Monroe,Where was James Monroe shot?,"at the Battle of Trenton, in his left shoulder",medium,medium,S08_set3_a2
James_Monroe,Who did James Monroe marry?,Elizabeth Kortright,medium,medium,S08_set3_a2
James_Monroe,What did James Monroe do before being elected governor?,He practiced law in Virginia.,hard,medium,S08_set3_a2
James_Monroe,In which years were John Monroe elected as President?,1817-1825,hard,medium,S08_set3_a2
James_Monroe,Who was John Monroe standing behind in the painting of  Washington Crossing the Delaware?,George Washington,hard,medium,S08_set3_a2
James_Monroe,When was James Monroe appointed to Secretary of War?,1814,easy,medium,S08_set3_a2
James_Monroe,When did James Monroe die?,"July 4, 1831",easy,medium,S08_set3_a2
James_Monroe,When did James Monroe graduate from William and Mary?,1776,easy,medium,S08_set3_a2
James_Monroe,When was James Monroe elected president?,"Monroe was elected president in the election of 1816, and re-elected in 1820.",medium,medium,S08_set3_a2
James_Monroe,Which property did James Monroe sell in 1817?,Monroe Hill on the grounds of the University of Virginia.,medium,hard,S08_set3_a2
James_Monroe,When did James Monroe introduce the Monroe Doctrine?,"December 2, 1823",medium,medium,S08_set3_a2
James_Monroe,Who did James Monroe live with in New York City?,His daughter Maria Hester Monroe Gouverneur,hard,medium,S08_set3_a2
James_Monroe,What did James Monroe's letters not contain?,No letters survive in which he might have discussed his religious beliefs.,hard,hard,S08_set3_a2
James_Monroe,What was the result of the rejection of the Jay Treaty?,"As a result, the two nations moved closer toward the War of 1812. ",hard,hard,S08_set3_a2
John_Adams,Did John Adams represent the Continental Congress in Europe?,Yes.,easy,easy,S08_set3_a1
John_Adams,Was Adams raised Congregationalist?,Yes.,easy,easy,S08_set3_a1
John_Adams,Was Adams an opponent of the Stamp Act?,Yes.,easy,easy,S08_set3_a1
John_Adams,When did Adams graduate from college?,1755,medium,medium,S08_set3_a1
John_Adams,Who was on the committee with Adams to draft  a Declaration of Independence?,"Thomas Jefferson, Benjamin Franklin, Robert R. Livingston and Roger Sherman.",medium,medium,S08_set3_a1
John_Adams,What did Jefferson call John Adams?,"The ""Colossus of Independence"".",medium,hard,S08_set3_a1
John_Adams,What was Adams' political party?,The Federalist Party.,hard,hard,S08_set3_a1
John_Adams,Was Adams the first to introduce a bicameral legislature?,Yes.,hard,hard,S08_set3_a1
John_Adams,Did John Adams get along with Alexander Hamilton?,No.,hard,hard,S08_set3_a1
John_Adams,Did John Adams go to Harvard? ,yes,easy,medium,S08_set3_a1
John_Adams,Did John Adams support the Stamp Act of 1765?,No,easy,hard,S08_set3_a1
John_Adams,Is Adams' birthplace part of a national park?,yes,easy,easy,S08_set3_a1
John_Adams,When did John Adams serve as Vice President?,1789-1797,medium,easy,S08_set3_a1
John_Adams,With what party did Adams run for presidency?,The Federalist Party,medium,medium,S08_set3_a1
John_Adams,Where is Adams buried?,United First Parish Church,medium,medium,S08_set3_a1
John_Adams,Who were the midnight judges?,"They were a series of judges, so called because most of them were formally appointed days before Adams' presidential term expired",hard,hard,S08_set3_a1
John_Adams,In what ways was Adams opposed by Anderw Hamilton?,Hamilton wanted to control the army differently than Adams,hard,hard,S08_set3_a1
John_Adams,What information did he record in his diary?,Descriptions of events and ompressions of men,hard,hard,S08_set3_a1
kangaroo,Is a kangaroo a reptile?,no,easy,easy,S08_set1_a1
kangaroo,Is a kangaroo on the Australian coat of arms?,yes,easy,easy,S08_set1_a1
kangaroo,"Was James Cook the first to record the name ""Kangooroo?""",yes,easy,medium,S08_set1_a1
kangaroo,What is a collective noun for kangaroos?,"mob, troop, or court",medium,medium,S08_set1_a1
kangaroo,Where do joeys complete postnatal development?,marsupium,medium,medium,S08_set1_a1
kangaroo,"What do kangaroos use for ""crawl-walking?""",its hind feet,hard,medium,S08_set1_a1
kangaroo,Why do kangaroos have a wide bite?,The two sides of the lower jaw are not joined together and the lower incisors are farther apart.,hard,hard,S08_set1_a1
kangaroo,What is responsible for converting the hydrogen byproduct of fermentation into acetate?,bacteria,hard,hard,S08_set1_a1
kangaroo,Are wild kangaroos shot for meat?,yes,easy,easy,S08_set1_a1
kangaroo,Have kangaroos fared well since European S08_settlement?,yes,easy,easy,S08_set1_a1
kangaroo,Do kangaroos have many natural predators?,no,easy,easy,S08_set1_a1
kangaroo,What is the average life expectancy of a kangaroo?,4.6 years,medium,medium,S08_set1_a1
kangaroo,When did the first official report of kangaroo blindness take place?,1994,medium,medium,S08_set1_a1
kangaroo,What are vehicles that frequent isolated roads often fitted with?,roo bars,medium,medium,S08_set1_a1
kangaroo,Do kangaroos eat plants?,yes,hard,hard,S08_set1_a1
kangaroo,What are some extinct predators of the kangaroo?,"Thylacine, Marsupial Lion, Maagalania, and Wonambi",hard,hard,S08_set1_a1
kangaroo,Is a Kangaroo a Marsupial?,Yes,easy,easy,S08_set1_a1
kangaroo,Is the kangaroo an herbivour?,Yes,easy,medium,S08_set1_a1
kangaroo,Are Kangaroos Shy?,Yes,easy,easy,S08_set1_a1
kangaroo,What method of locomotion do Kangaroos Use?,hopping,medium,medium,S08_set1_a1
kangaroo,What is a collective noun for a kangaroo?,"a mob, troop, or court",medium,medium,S08_set1_a1
kangaroo,What is a roo?,a kangaroo,hard,medium,S08_set1_a1
kangaroo,What is used to protect a vehicale from a Kangaroo?,roo bars,hard,hard,S08_set1_a1
kangaroo,What method is used by Kangaroos to travel?,hopping,hard,medium,S08_set1_a1
leopard,Is the leopard smaller than the other members of Panthera?,yes,easy,easy,S08_set1_a2
leopard,Is a leopard larger and less lanky than a cheetah?,yes,easy,easy,S08_set1_a2
leopard,Are large pythons potential prey for leopards?,yes,easy,easy,S08_set1_a2
leopard,What may a leopard be mistaken for?,A cheetah or a jaguar,medium,medium,S08_set1_a2
leopard,What is a hybrid animal resulting from a union between a leopard and a puma?,a pumapard,medium,medium,S08_set1_a2
leopard,Where do leopards often hide their kills?,in dense vegetation,medium,medium,S08_set1_a2
leopard,How did early naturalists distinguish between leopards and panthers?,by the length of their tails,hard,hard,S08_set1_a2
leopard,What are dark leopards known as colloquially?,Black Panthers,hard,hard,S08_set1_a2
leopard,What shape are a leopard's black roS08_settes in East Africa?,circular,hard,hard,S08_set1_a2
leopard,Is the leopard an Old World mammal?,yes,easy,easy,S08_set1_a2
leopard,Is the leopard of the Felidae family?,yes,easy,easy,S08_set1_a2
leopard,Is the leopard one of the four 'big cats'?,yes,easy,easy,S08_set1_a2
leopard,Where is the leopard distributed?,southern Eurasia and Africa,medium,medium,S08_set1_a2
leopard,How long is a leopard's tail?,60 to 110cm,medium,medium,S08_set1_a2
leopard,How much does a leopard weigh?,Males are considerably larger than females and weigh 37 to 90 kg compared to 28 to 60 kg for females. ,medium,medium,S08_set1_a2
leopard,Does a male leopard weigh more than a female leopard?,yes,hard,medium,S08_set1_a2
leopard,What is the difference between leopards and cheetahs?,The leopard has roS08_settes rather than cheetah's simple spots and the leopard is larger and less lanky than the cheetah.,hard,hard,S08_set1_a2
leopard,How does the distribution size of the leopard compare to the distribution of other wild cats?,"As of 1996, the leopard had the largest distribution of any wild cat, although populations before and since have shown a declining trend and are fragmented outside of subsaharan Africa.",hard,hard,S08_set1_a2
Liechtenstein,Is Liechtenstein bordered by Switzerland?,Yes,easy,easy,S08_set2_a1
Liechtenstein,Is Liechtenstein the smallest German-speaking country in the world?,Yes,easy,easy,S08_set2_a1
Liechtenstein,Was Liechtenstein part of the ancient Roman province of Raetia?,Yes,easy,easy,S08_set2_a1
Liechtenstein,When was the first factory opened?,1836,medium,medium,S08_set2_a1
Liechtenstein,How many municipalities is Liechtenstein divided into?,11,medium,medium,S08_set2_a1
Liechtenstein,What is the national currency of Liechtenstein?,Swiss franc,medium,medium,S08_set2_a1
Liechtenstein,Has Leichtenstein worked to promote the county's image by prosecuting international money-laundering?,Yes,hard,hard,S08_set2_a1
Liechtenstein,What company administers Leichtenstein's railways?,Austrian Federal Railways,hard,medium,S08_set2_a1
Liechtenstein,What percentage of Liechtenstein's population is foreign-born?,two-thirds,hard,hard,S08_set2_a1
Liechtenstein,Is there an airport in Liechtenstein?,No.,easy,easy,S08_set2_a1
Liechtenstein,Is Liechtenstein heavily urbanized?,No.,easy,medium,S08_set2_a1
Liechtenstein,Is Liechtenstein doubly landlocked?,Yes.,easy,easy,S08_set2_a1
Liechtenstein,Does Liechtenstein have an army?,No.,medium,easy,S08_set2_a1
Liechtenstein,When was Liechtenstein's current constitution adopted?,October 1921.,medium,medium,S08_set2_a1
Liechtenstein,What is the official language of Liechtenstein?,German.,medium,medium,S08_set2_a1
Liechtenstein,What countries border Liechtenstein?,Switzerland and Austria.,hard,medium,S08_set2_a1
Liechtenstein,What Roman province was Liechtenstein part of?,Raetia.,hard,medium,S08_set2_a1
Liechtenstein,How many municipalities are within Oberland?,6,hard,too hard,S08_set2_a1
Millard_Fillmore,"Did Webster write, ""I can now sleep of nights""?",Yes.,easy,easy,S08_set3_a3
Millard_Fillmore,Was the arrival of Louis Kossuth (exiled leader of a failed Hungarian revolution) another issue that presented itself during Fillmore's presidency?,Yes,easy,easy,S08_set3_a3
Millard_Fillmore,"Did he die at 11:10 p.m. on March 8, 1874, of the after-effects of a stroke?",Yes,easy,easy,S08_set3_a3
Millard_Fillmore,Who got Seward elected to the senate?,Weed,medium,medium,S08_set3_a3
Millard_Fillmore,Where was Commodore Matthew C. Perry sent to open Japan to Western trade?,Japan,medium,medium,S08_set3_a3
Millard_Fillmore,What is The Remarkable Millard Fillmore?,A fake biography based on real events that happened in Fillmore's life.,medium,medium,S08_set3_a3
Millard_Fillmore,Did Fillmore form a law partnership before or after he founded the private University of Buffalo?,Before.,hard,hard,S08_set3_a3
Millard_Fillmore,Did Fillmore run for President a second time?,Yes,hard,medium,S08_set3_a3
Millard_Fillmore,How long after the death of his first wife did Fillmore marry Caroline McIntosh?,where is the death date of his first wife?,hard,too hard,S08_set3_a3
Millard_Fillmore,Was Millard Fillmore the thirteenth President of the United States?,yes,easy,easy,S08_set3_a3
Millard_Fillmore,"Was Millard Fillmore born on January 7, 1800?",yes,easy,medium,S08_set3_a3
Millard_Fillmore,"Did Millard Fillmore die on March 8, 1974?",no,easy,easy,S08_set3_a3
Millard_Fillmore,Where was Millard Fillmore born?,"in a log cabin in Summerhill, New York",medium,easy,S08_set3_a3
Millard_Fillmore,To whom was Millard Fillmore born to?,to Nathaniel and Phoebe Millard Fillmore,medium,easy,S08_set3_a3
Millard_Fillmore,Who did Millard Fillmore fall in love with?,He fell in love with Abigail Powers,medium,easy,S08_set3_a3
Millard_Fillmore,What did Taylor and Fillmore disagree upon?,slavory issues,hard,easy,S08_set3_a3
Millard_Fillmore,How did Fillmore ascend to the presidency?,"upon the death of the sitting president, Taylor",hard,medium,S08_set3_a3
Millard_Fillmore,How did the supporters of Henry Clay feel about Fillmore in 1848?,they were ok with him,hard,too hard,S08_set3_a3
otter,Do sea otters have long muscular tails?,no,easy,medium,S08_set1_a7
otter,Can otters survive in cold water?,yes,easy,medium,S08_set1_a7
otter,Does the giant otter inhabit South Africa?,no,easy,easy,S08_set1_a7
otter,How many species of otter are there?,13,medium,easy,S08_set1_a7
otter,What do river otters eat?,"a variety of fish and shellfish, as well as small land mammals and birds",medium,easy,S08_set1_a7
otter,How much do sea otters weigh?,30 kg (about 65 pounds),medium,easy,S08_set1_a7
otter,How do sea otters insulate themselves?,a layer of air trapped in their fur(!),hard,hard,S08_set1_a7
otter,Why are sea otters nearly extinct?,They've been hunted for their fur,hard,hard,S08_set1_a7
otter,What is one of the challenges of re-establishing a population of Eurasian otters in the UK?,roadkill deaths,hard,hard,S08_set1_a7
otter,Is otter a kind of mammal?,yes,easy,easy,S08_set1_a7
otter,How many species and genera does otter have?,13 species and 7 genera,easy,easy,S08_set1_a7
otter,Do otters live in water?,yes,easy,hard,S08_set1_a7
otter,Where do sea otters live?,Sea otters (Enhydra lutris) live along the Pacific coast of North America. ,medium,easy,S08_set1_a7
otter,"Where does the word ""otter"" derive from?","The word ""otter"" derives from the Old English word otr, otor or oter. ",medium,easy,S08_set1_a7
otter,Does otter give birth or lay egg?,give birth,hard,too hard,S08_set1_a7
otter,What drives sea otter almost to extinction?,Humans hunted them almost to extinction. ,hard,medium,S08_set1_a7
otter,Why otters are considered as totem animals?,"The time of year associated with this is also associated with the Aquarius sign of the Zodiac, through which the sun passes January 20-February 19. ",hard,hard,S08_set1_a7
otter,Do sea otters live along the Pacific coast?,Yes,easy,easy,S08_set1_a7
otter,Are otters totem animals?,Yes,easy,easy,S08_set1_a7
otter,Are otters herbivores?,No,easy,easy,S08_set1_a7
otter,What is the primary item in an otter's diet?,Fish.,medium,medium,S08_set1_a7
otter,What is an otter's den called?,Holt,medium,medium,S08_set1_a7
otter,Why is the giant otter becoming increasingly rare?,"Poaching, habitat loss, and toxins in gold mining.  ",medium,hard,S08_set1_a7
otter,How do otters keep themselves warm without blubber?,A layer of air trapped in their fur.  ,hard,hard,S08_set1_a7
otter,How are otters playful animals?,"The slide down snowy slopes, apparently for sheer enjoyment.  ",hard,hard,S08_set1_a7
otter,What animals are related to otters?,"weasels, polecats, and badgers",hard,hard,S08_set1_a7
penguin,Do penguins feed on krill?,yes,easy,easy,S08_set1_a3
penguin,What is the largest living species of penguin?,Emperor Penguin,easy,medium,S08_set1_a3
penguin,Do penguins live almost exclusively in the Southern Hemisphere?,yes,easy,easy,S08_set1_a3
penguin,"What is ""tobogganing""?",when penguins slide on their bellies across the snow,medium,hard,S08_set1_a3
penguin,Why are penguins countershaded?,for camouflage,medium,hard,S08_set1_a3
penguin,Are penguins afraid of humans?,no,medium,medium,S08_set1_a3
penguin,How much time to penguins spend on land?,half of their life,hard,hard,S08_set1_a3
penguin,How many species of penguins are there?,between 17 and 20 living species,hard,medium,S08_set1_a3
penguin,How are Isabelline penguins different from most penguins?,they have brown rather than black plumage,hard,hard,S08_set1_a3
penguin,Are penguins birds?,yes,easy,easy,S08_set1_a3
penguin,Do penguins have a better than average sense of hearing for birds?,yes,easy,easy,S08_set1_a3
penguin,"Are penguins considered ""higher waterbirds""?",yes,easy,easy,S08_set1_a3
penguin,What order do penguins belong to?,Sphenisciformes,medium,medium,S08_set1_a3
penguin,How tall were the tallest prehistoric penguins?,1.80 meters,medium,medium,S08_set1_a3
penguin,What makes penguins so agile in the water?,Their wings have become flippers,hard,hard,S08_set1_a3
penguin,"Why do penguins ""tobaggan""?",It conserves energy while moving quickly,hard,hard,S08_set1_a3
polar_bear,What is the last word on the page?,Connecticut,easy,too easy,S08_set1_a4
polar_bear,Is polar bear a mammal?,Yes,easy,easy,S08_set1_a4
polar_bear,Is polar bear a carnivore?,Yes,easy,easy,S08_set1_a4
polar_bear,What is largest polar bear on record?,2200 lb,medium,medium,S08_set1_a4
polar_bear,What is polar bear's skin color?,white or cream,medium,easy,S08_set1_a4
polar_bear,How long is polar bear's guard hair?,5-15 cm,medium,medium,S08_set1_a4
polar_bear,What is cause of polar bear's skin diseases?,mites or other parasites,hard,medium,S08_set1_a4
polar_bear,Why polar bear is a special species?,"The World Conservation Union listed polar bears as a vulnerable species, one of three sub-categories of threatened status, in May 2006. Their latest estimate is that 7 out of 19 subpopulations are declining or already severely reduced.",hard,too hard,S08_set1_a4
polar_bear,What do fossil and DNA evidence tell us?,The polar bear diverged from the brown bear about 200 thousand years ago.,hard,medium,S08_set1_a4
polar_bear,Does a polar bear live in the Arctic?,yes,easy,easy,S08_set1_a4
polar_bear,Is a polar bear white in color?,yes,easy,medium,S08_set1_a4
polar_bear,Is a polar bear at high risk of extinction?,yes,easy,easy,S08_set1_a4
polar_bear,How heavy is a male polar bear?,300-600 kg (660-1320 lb),medium,medium,S08_set1_a4
polar_bear,How heavy was the largest polar bear on record?,1002 kg (2200 lb) ,medium,medium,S08_set1_a4
polar_bear,What does a polar bear's fur provide?,It provides the animal with effective camouflage.,medium,medium,S08_set1_a4
polar_bear,Do female polar bears weight more than the male?,no,hard,medium,S08_set1_a4
polar_bear,How much weight do female polar bears gain during pregnancy?,They gain double their weight.,hard,medium,S08_set1_a4
polar_bear,Can polar bears be seen under infrared photography?,Polar bears are nearly invisible under infrared photography.,hard,easy,S08_set1_a4
Qatar,Does Qatar rank as the eighth richest country in the world per capita?,No.,easy,easy,S08_set2_a3
Qatar,Do nearly all Qataris profess Islam?,Yes.,easy,easy,S08_set2_a3
Qatar,Can women legally drive in Qatar?,Yes.,easy,easy,S08_set2_a3
Qatar,When did Qatar become an independent state?,"September 3, 1971.",medium,medium,S08_set2_a3
Qatar,Where is Qatar's telecommunication system centered?,Doha.,medium,medium,S08_set2_a3
Qatar,Where did a suicide-bombing kill a teacher in 2005?,At the Doha Players Theatre.,medium,medium,S08_set2_a3
Qatar,Does the native pronunciation of Qatar sound like 'cutter'?,Yes.,hard,hard,S08_set2_a3
Qatar,What is the Arabic word for municipalities?,baladiyah.,hard,hard,S08_set2_a3
Qatar,What universities are in Education City?,"Carnegie Mellon University, Georgetown University School of Foreign Service, Texas A&M University, Virginia Commonwealth University, and Cornell University's Weill Medical College.",hard,hard,S08_set2_a3
Romania,Does Romania border Hungary?,Yes.,easy,medium,S08_set2_a7
Romania,Is Romania a secular state?,Yes.,easy,easy,S08_set2_a7
Romania,Is the president elected by popular vote?,Yes.,easy,easy,S08_set2_a7
Romania,How many counties is Romania divided into?,41,medium,medium,S08_set2_a7
Romania,What is the highest mountain in Romania?,Moldoveanu Peak.,medium,medium,S08_set2_a7
Romania,What is the official language of Romania?,Romanian.,medium,medium,S08_set2_a7
Romania,Is the Romanian economy doing well?,Yes.,hard,too hard,S08_set2_a7
Romania,Are there many Roma in Romania?,No.,hard,too hard,S08_set2_a7
Romania,How many territories joined to form Romania?,2,hard,too hard,S08_set2_a7
Romania,Does Romania share a border with Ukraine?,yes,easy,easy,S08_set2_a7
Romania,Did Romania declare neutrality during World War I?,yes,easy,easy,S08_set2_a7
Romania,Does Romania share the same language with Moldova?,yes,easy,easy,S08_set2_a7
Romania,"Who was the first gymnast to score a perfect ""ten""?",Nadia ComÄƒneci,medium,medium,S08_set2_a7
Romania,What is the largest city in Romania?,Bucharest,medium,medium,S08_set2_a7
Romania,What is the largest ethnic minority in Romania?,Hungarians,medium,medium,S08_set2_a7
Romania,How many countries in Europe are bigger than Romania?  ,eleven,hard,hard,S08_set2_a7
Romania,Why doesn't Romania have a state religion?  ,Romania is a secular state,hard,hard,S08_set2_a7
Romania,Why wasn't Romania neutral during World War II?,it received a Soviet ultimatum,hard,hard,S08_set2_a7
Singapore,Do singaporeans enjoy squid?,"Yes, they do.",easy,easy,S08_set2_a2
Singapore,Did Singapore's standard of living decrease since independence?,"No, the standard living was raised.",easy,medium,S08_set2_a2
Singapore,Did the media contribute 15.6% to Singapore's GDP in 2001?,"No, it contributed 1.56% to GDP in 2001.",easy,medium,S08_set2_a2
Singapore,How many people use the bus network daily?,More than 2.78 million people.,medium,easy,S08_set2_a2
Singapore,Where did Orang Laut people live?,"Orang Laut people lived around the coast, rivers and smaller islands.",medium,easy,S08_set2_a2
Singapore,What is the MRT?,One of three heavy rail passenger transport lines in Singapore.,medium,medium,S08_set2_a2
Singapore,How is Singapore's climate characterized?,Singapore has a tropical rainforest climate with no distinctive seasons.,hard,medium,S08_set2_a2
Singapore,How much increase in the media's contribution to GDP is the government seeking?,The government seeks to increase its GDP contribution to 3% by 2012. ,hard,medium,S08_set2_a2
Singapore,How many days did it take the Imperial Japanese Army to win the Battle of Singapore?,Six days,hard,medium,S08_set2_a2
Singapore,Is Singapore located at the southern tip of the Korean Penisula?,no,easy,easy,S08_set2_a2
Singapore,Is Singapore a city-state?,yes,easy,easy,S08_set2_a2
Singapore,Has Sang Nila Utama visited Singapore?,yes,easy,hard,S08_set2_a2
Singapore,"What does ""singa"" mean?",lion,medium,medium,S08_set2_a2
Singapore,When is the first record of S08_settlement in Singapore?,second century AD,medium,easy,S08_set2_a2
Singapore,Which nation invaded Singapore during World War II?,Japan,medium,hard,S08_set2_a2
Singapore,"Why Churchill called the occupation of Singapor by Janpan during WWII ""Britain's greatest defeat""?",The British were defeated in six days,hard,hard,S08_set2_a2
Singapore,Was Lee Kuan Yew a successful leader of Singapore?,yes,hard,too hard,S08_set2_a2
Singapore,When did Goh Chok Tong succeed Lee as Prime Minister?,"In 1990, Goh Chok Tong succeeded Lee as Prime Minister.",easy,medium,S08_set2_a2
Singapore,What is the primary domestic source of water supply?,The primary domestic source of water supply in Singapore is rainfall.,easy,medium,S08_set2_a2
Singapore,What is the national language of Singapore?,The national language of Singapore is Malay.,easy,medium,S08_set2_a2
Singapore,Where is the National Orchid Garden?,Singapore Botanic Gardens.,medium,medium,S08_set2_a2
Singapore,Why are relations with Malaysia and Indonesia important?,"Due to obvious geographical reasons, relations with Malaysia and Indonesia are most important.",medium,medium,S08_set2_a2
Singapore,What is the most densely populated independent country in the world?,Monaco,medium,hard,S08_set2_a2
Singapore,Who did Sir Thomas Stamford Raffles work for?,British East India Company,hard,hard,S08_set2_a2
Singapore,When was Lee Kuan Yew prime minister of Singapore?,1959,hard,medium,S08_set2_a2
Singapore,What is the punishment for first-degree murder?,There are laws which allow capital punishment in Singapore for first-degree murder and drug trafficking.,hard,hard,S08_set2_a2
Theodore_Roosevelt,Was Thedore Roosevelt  a member of the Republican Party?,Yes,easy,easy,S08_set3_a7
Theodore_Roosevelt,Does Theodore Roosevelt have a brother?,Yes,easy,easy,S08_set3_a7
Theodore_Roosevelt,Did Theodore Roosevelt go to Harvard?,Yes,easy,easy,S08_set3_a7
Theodore_Roosevelt,Where was Theodore Roosevelt born?,28 East 20th Street in the modern-day Gramercy section of New York City,medium,medium,S08_set3_a7
Theodore_Roosevelt,What did Roosevelt do to improve his physical condition?,Roosevelt took up exercise,medium,hard,S08_set3_a7
Theodore_Roosevelt,Why did Roosevelt start Boxing lessons?,To deal with bullies,medium,medium,S08_set3_a7
Theodore_Roosevelt,What was the nickname of Theodore Roosevelt's sister Anna?,Bamie as a child and Bye as an adult,hard,medium,S08_set3_a7
Theodore_Roosevelt,What was Roosevelt's justification for supporting desegregation of schools in New York?,Noting that his children had been educated with other races and there was nothing wrong with it,hard,too hard,S08_set3_a7
Theodore_Roosevelt,How did newspapers respond to Roosevelt inviting Brooker T. Washington to dinner at the White House?,mixing of the races on social occassions,hard,hard,S08_set3_a7
Theodore_Roosevelt,Did Theodore Roosevelt study Judo?,No,easy,easy,S08_set3_a7
Theodore_Roosevelt,Did Roosevelt receive a Medal of Honor?,yes,easy,hard,S08_set3_a7
Theodore_Roosevelt,Did Roosevelt study biology?,yes,easy,easy,S08_set3_a7
Theodore_Roosevelt,Where was Theodore Roosevelt from?,Gramercy section of New York City,medium,hard,S08_set3_a7
Theodore_Roosevelt,Who was Roosevelt's presidential hero?,Lincoln was Roosevelt's presidential hero.,medium,medium,S08_set3_a7
Theodore_Roosevelt,When did Roosevelt die?,"On January 6, 1919, Roosevelt died in his sleep.",medium,medium,S08_set3_a7
Theodore_Roosevelt,Who helped to fund Roosevelt's African safari?,Financed by Andrew Carnegie and his own proposed writings,hard,hard,S08_set3_a7
Theodore_Roosevelt,Did Roosevelt support racial integration in schools?,yes,hard,too hard,S08_set3_a7
Theodore_Roosevelt,Was Roosevelt's family rich?,yes,hard,hard,S08_set3_a7
turtle,Are turtles ectothermic?,Yes,easy,easy,S08_set1_a9
turtle,Does the mother care for the young?,No,easy,medium,S08_set1_a9
turtle,Are turtles pets?,Yes,easy,medium,S08_set1_a9
turtle,What shape are the eggs of the larest species of turtle?,Spherical,medium,medium,S08_set1_a9
turtle,How often do turtles breed?,Every few years or more,medium,medium,S08_set1_a9
turtle,What do all turtles and tortoises breathe?,air,medium,easy,S08_set1_a9
turtle,How do turtles reproduce?,They lay eggs,hard,too hard,S08_set1_a9
turtle,What has been discovered about turtles organs?,They do not gradually break down or become less efficient over time,hard,hard,S08_set1_a9
turtle,What suborder of turtle draws its head into its shell?,Pleurodira,hard,hard,S08_set1_a9
turtle,Do sea turtles lay eggs on dry sandy beaches?,Yes,easy,easy,S08_set1_a9
turtle,Are Pleurodira known as side-necked turtles?,Yes,easy,easy,S08_set1_a9
turtle,Are turtles a part of the Flying Spaghetti Monster?,*shrug*,easy,easy,S08_set1_a9
turtle,How many suborders are turtles divided into?,Three.,medium,medium,S08_set1_a9
turtle,Name a turtle popularly kept as a pet.,Russian Tortoises,medium,hard,S08_set1_a9
turtle,Name four related articles for the article on turtles.,"Triassic, Ernst Haeckel, Kunstformen der Natur, Animal",medium,medium,S08_set1_a9
turtle,"If a turtle egg was kept warm, what would likely hatch?",A female turtle.,hard,hard,S08_set1_a9
turtle,What do turles use to breathe in the water?,Papillae,hard,hard,S08_set1_a9
turtle,Why are side-necked turtles called side-necked turtles?,Because of the way they withdraw their heads into their shells.,hard,medium,S08_set1_a9
turtle,Do turtles lay eggs underwater?,No,easy,easy,S08_set1_a9
turtle,Are turtle eggs leathery and soft?,Yes,easy,easy,S08_set1_a9
turtle,Are turtles being examined for longevity genes?,Yes,easy,easy,S08_set1_a9
turtle,What suborder of turtles is extinct?,Paracryptodira,medium,medium,S08_set1_a9
turtle,What do turtle eggs preared to eat consist mainly of?,Yolk,medium,medium,S08_set1_a9
turtle,Where do sea turtles lay their eggs?,Holes Dug into the Mud or Sand,medium,medium,S08_set1_a9
turtle,What is the smallest suborder of turtles?,Pleurodira,hard,medium,S08_set1_a9
turtle,What are turtle eggs covered in when they incubate?,Mud or Sand,hard,hard,S08_set1_a9
turtle,What type of creatures breathe air and don't lay eggs underwater?,Amniotes,hard,hard,S08_set1_a9
Ulysses_S._Grant,Was Ulysses Grant a general in the American Civil War?,Yes,easy,easy,S08_set3_a5
Ulysses_S._Grant,Was Grant's father-in-law a Democrat?,Yes,easy,easy,S08_set3_a5
Ulysses_S._Grant,Did Ulysses win the Battle of Champion Hill?,Yes,easy,easy,S08_set3_a5
Ulysses_S._Grant,Who was Grant's brother in law?,Fred Dent,medium,medium,S08_set3_a5
Ulysses_S._Grant,Where was Grant born?,"Point Pleasant, Ohio",medium,medium,S08_set3_a5
Ulysses_S._Grant,What was Grant's political affiliation?,Republican,medium,hard,S08_set3_a5
Ulysses_S._Grant,"Why did Grant say ""Damn, I had nothing to do with this batte.""?",It went well.,hard,hard,S08_set3_a5
Ulysses_S._Grant,Did Horace Greenley lose in the presidential elections of 1872?,Yes,hard,hard,S08_set3_a5
Ulysses_S._Grant,Why did Grant think that war was unjust?,He thought it was designed to gain land open to slavery.,hard,medium,S08_set3_a5
Uruguay,Is Uruguay located in the northwesten part of Africa?,No.,easy,easy,S08_set2_a9
Uruguay,Is Uruguay's capital Montevideo?,Yes.,easy,easy,S08_set2_a9
Uruguay,Does Uruguay have cold summers?,No.,easy,easy,S08_set2_a9
Uruguay,Who founded Montevideo?,The Spanish.,medium,medium,S08_set2_a9
Uruguay,Where is Uruguay's oldest church?,"San Carlos, Maldonado.",medium,medium,S08_set2_a9
Uruguay,Who heavily influenced the architecture and culture of Montevideo?,European immigrants.,medium,medium,S08_set2_a9
Uruguay,What are poor neighborhoods called informally?,Cantegriles.,hard,hard,S08_set2_a9
Uruguay,Is uruguay's landscape mountainous?,No.,hard,easy,S08_set2_a9
Uruguay,What religion do most Uruguayans profess?,None.,hard,hard,S08_set2_a9
Uruguay,Is Uruguay located in South America?,Yes. It's located in the southeastern part,easy,easy,S08_set2_a9
Uruguay,Can citizens propose changes to the Constitution?,Yes. People are allowed to challenge laws.,easy,medium,S08_set2_a9
Uruguay,Did Uruguay host the first ever World Cup?,"Yes, in 1930.",easy,easy,S08_set2_a9
Uruguay,How many square kilometres of continental land is Uruguay?,176.215 kmï¿½ï¿½ ,medium,medium,S08_set2_a9
Uruguay,How much of the population is of white European descent?,88%,medium,easy,S08_set2_a9
Uruguay,Why was the capital of Uruguay founded?,For a military stronghold.,hard,medium,S08_set2_a9
Uruguay,How many times has Uruguay won the World Cup?,Twice. ,hard,hard,S08_set2_a9
Uruguay,How much is the average income of an African woman compared to a European man?,African women earns 0.65 * 0.718  = 46.67% of a European man earns in average,hard,hard,S08_set2_a9
Uruguay,Does Uruguay recognize same-sex civil unions?,Yes,easy,easy,S08_set2_a9
Uruguay,Does Uruguay border French Guiana?,No,easy,easy,S08_set2_a9
Uruguay,Is Uruguay's warmest month June?,No,easy,easy,S08_set2_a9
Uruguay,What does a citizen use to propose changes to the Constitution?,Referendum,medium,medium,S08_set2_a9
Uruguay,What religions are found in Uruguay?,"Roman Catholic, Protestant, Jewish, and nonprofessing.",medium,hard,S08_set2_a9
Uruguay,What has Uruguay done to be competitive in agriculture?,"Labeling as ""Natural"" or ""Ecological""",hard,too hard,S08_set2_a9
Uruguay,What are the names of Uruguay's political parties?,Partido Colorado and Partido Blanco,hard,too hard,S08_set2_a9
Uruguay,Is Uruguay the smallest soverign nation in South America?,No,hard,hard,S08_set2_a9
Woodrow_Wilson,Was Woodrow Wilson the thirtieth President of the United States?,no,easy,easy,S08_set3_a8
Woodrow_Wilson,Did Woodrow Wilson create the League of Nations?,yes,easy,easy,S08_set3_a8
Woodrow_Wilson,Did the U.S. join the League of Nations?,no,easy,easy,S08_set3_a8
Woodrow_Wilson,Where was the League of Nations created?,Paris,medium,medium,S08_set3_a8
Woodrow_Wilson,When was Woodrow Wilson born?,"December 28, 1856",medium,medium,S08_set3_a8
Woodrow_Wilson,Who was President when Wilson finished Congressional Government?,Grover Cleveland,medium,medium,S08_set3_a8
Woodrow_Wilson,What field did Woodrow Wilson leave law practice to study?,history and political science,hard,hard,S08_set3_a8
Woodrow_Wilson,What caused Wilson to ask Congress to declare war on the Central Powers?,German began unrestricted submarine warfare,hard,hard,S08_set3_a8
Woodrow_Wilson,What was more damaging than moving students into colleges?,His confrontation with Andrew Fleming West,hard,too hard,S08_set3_a8
Woodrow_Wilson,Was Wilson a member of the Phi Kappa Psi fraternity?,yes,easy,easy,S08_set3_a8
Woodrow_Wilson,Was Wilson an automobile enthusiast?,yes,easy,easy,S08_set3_a8
Woodrow_Wilson,Did Wilson's father own slaves?,yes,easy,easy,S08_set3_a8
Woodrow_Wilson,Where is Wilson buried?,He was buried in Washington National Cathedral,medium,medium,S08_set3_a8
Woodrow_Wilson,Where did Wilson attend law school?,Wilson attended law school at University of Virginia,medium,medium,S08_set3_a8
Woodrow_Wilson,Where was Woodrow Wilson born?,"Woodrow Wilson was born in Staunton, Virginia",medium,medium,S08_set3_a8
Woodrow_Wilson,Did Wilson support desegregation?,no,hard,hard,S08_set3_a8
Woodrow_Wilson,Did Wilson support the committee system?,no,hard,hard,S08_set3_a8
Woodrow_Wilson,Did Wilson have any siblings?,yes,hard,hard,S08_set3_a8
